store,item,predicted_demand_7d,recommended_restock_qty
1,1,116,77
1,2,340,232
1,3,197,133
1,4,111,75
1,5,98,66
1,6,337,228
1,7,329,229
1,8,425,287
1,9,258,170
1,10,413,281
1,11,379,257
1,12,375,249
1,13,471,321
1,14,323,217
1,15,483,323
1,16,134,87
1,17,177,119
1,18,480,330
1,19,218,143
1,20,265,176
1,21,213,142
1,22,453,314
1,23,153,102
1,24,342,227
1,25,451,305
1,26,271,186
1,27,114,75
1,28,494,340
1,29,393,266
1,30,212,140
1,31,309,206
1,32,232,153
1,33,376,248
1,34,145,96
1,35,369,253
1,36,423,284
1,37,154,103
1,38,460,317
1,39,230,151
1,40,154,102
1,41,116,75
1,42,179,120
1,43,268,180
1,44,160,107
1,45,453,311
1,46,317,212
1,47,113,75
1,48,279,188
1,49,163,108
1,50,353,235
2,1,157,106
2,2,451,306
2,3,291,192
2,4,175,119
2,5,140,92
2,6,452,303
2,7,462,316
2,8,683,491
2,9,385,259
2,10,606,422
2,11,584,409
2,12,555,385
2,13,698,492
2,14,462,314
2,15,722,504
2,16,179,119
2,17,258,173
2,18,677,467
2,19,297,195
2,20,347,231
2,21,303,196
2,22,682,482
2,23,222,146
2,24,498,329
2,25,694,496
2,26,388,267
2,27,167,111
2,28,733,519
2,29,559,387
2,30,291,192
2,31,453,305
2,32,355,241
2,33,521,346
2,34,201,131
2,35,495,332
2,36,662,474
2,37,211,136
2,38,699,500
2,39,316,209
2,40,213,140
2,41,159,104
2,42,304,208
2,43,406,274
2,44,227,148
2,45,712,504
2,46,467,322
2,47,175,118
2,48,393,261
2,49,212,138
2,50,497,337
3,1,155,102
3,2,405,273
3,3,253,168
3,4,139,89
3,5,134,88
3,6,408,278
3,7,414,283
3,8,548,380
3,9,361,243
3,10,480,317
3,11,519,368
3,12,514,360
3,13,637,446
3,14,417,288
3,15,639,446
3,16,176,120
3,17,213,137
3,18,624,442
3,19,257,172
3,20,328,220
3,21,268,178
3,22,573,399
3,23,194,127
3,24,534,386
3,25,565,379
3,26,324,217
3,27,146,97
3,28,606,417
3,29,507,352
3,30,284,192
3,31,397,268
3,32,319,221
3,33,497,339
3,34,176,120
3,35,473,325
3,36,548,379
3,37,196,131
3,38,581,403
3,39,295,195
3,40,202,136
3,41,142,94
3,42,260,177
3,43,337,219
3,44,193,130
3,45,620,446
3,46,422,284
3,47,153,101
3,48,368,252
3,49,208,143
3,50,459,312
4,1,139,91
4,2,371,248
4,3,244,167
4,4,147,98
4,5,113,74
4,6,366,245
4,7,382,262
4,8,490,326
4,9,335,227
4,10,479,323
4,11,485,332
4,12,478,329
4,13,603,429
4,14,372,249
4,15,612,429
4,16,149,98
4,17,192,125
4,18,558,390
4,19,249,162
4,20,282,188
4,21,259,180
4,22,544,378
4,23,178,118
4,24,411,275
4,25,555,395
4,26,289,190
4,27,133,88
4,28,589,410
4,29,458,312
4,30,258,174
4,31,411,287
4,32,273,181
4,33,438,295
4,34,165,108
4,35,415,283
4,36,537,377
4,37,181,119
4,38,512,347
4,39,282,189
4,40,191,129
4,41,149,101
4,42,215,142
4,43,323,215
4,44,183,120
4,45,512,348
4,46,397,275
4,47,143,94
4,48,314,208
4,49,177,118
4,50,405,273
5,1,109,75
5,2,270,178
5,3,176,120
5,4,102,68
5,5,88,58
5,6,253,166
5,7,253,165
5,8,343,229
5,9,229,154
5,10,327,219
5,11,310,204
5,12,302,202
5,13,372,248
5,14,290,203
5,15,421,283
5,16,115,78
5,17,148,100
5,18,412,280
5,19,173,113
5,20,214,142
5,21,173,114
5,22,372,250
5,23,136,93
5,24,283,187
5,25,356,239
5,26,198,129
5,27,97,64
5,28,430,299
5,29,305,205
5,30,179,121
5,31,268,180
5,32,193,126
5,33,294,197
5,34,112,75
5,35,294,193
5,36,363,241
5,37,121,81
5,38,400,277
5,39,193,132
5,40,117,75
5,41,98,67
5,42,176,119
5,43,238,159
5,44,121,80
5,45,370,251
5,46,274,182
5,47,107,73
5,48,264,184
5,49,128,87
5,50,295,197
6,1,89,57
6,2,262,175
6,3,175,119
6,4,96,64
6,5,86,58
6,6,256,169
6,7,259,172
6,8,362,246
6,9,256,178
6,10,337,228
6,11,317,214
6,12,323,218
6,13,393,270
6,14,262,172
6,15,396,269
6,16,111,73
6,17,152,98
6,18,388,262
6,19,184,120
6,20,218,144
6,21,176,118
6,22,350,235
6,23,133,86
6,24,284,185
6,25,399,280
6,26,212,142
6,27,99,67
6,28,418,291
6,29,294,194
6,30,184,122
6,31,245,160
6,32,192,128
6,33,330,224
6,34,114,76
6,35,290,192
6,36,350,237
6,37,141,94
6,38,362,246
6,39,198,131
6,40,133,86
6,41,93,61
6,42,157,102
6,43,232,156
6,44,134,90
6,45,348,231
6,46,265,176
6,47,108,73
6,48,237,160
6,49,126,83
6,50,297,199
7,1,90,60
7,2,235,156
7,3,145,92
7,4,90,62
7,5,82,57
7,6,233,153
7,7,257,176
7,8,327,223
7,9,198,130
7,10,297,202
7,11,289,192
7,12,296,198
7,13,361,240
7,14,245,161
7,15,357,237
7,16,109,74
7,17,135,90
7,18,374,256
7,19,159,104
7,20,197,133
7,21,161,107
7,22,345,236
7,23,113,75
7,24,282,188
7,25,348,232
7,26,199,132
7,27,84,57
7,28,353,238
7,29,308,212
7,30,165,111
7,31,262,183
7,32,180,118
7,33,297,204
7,34,104,70
7,35,280,186
7,36,317,210
7,37,124,84
7,38,324,214
7,39,175,118
7,40,120,80
7,41,89,62
7,42,153,99
7,43,208,136
7,44,128,87
7,45,334,225
7,46,243,163
7,47,89,60
7,48,214,143
7,49,113,71
7,50,263,175
8,1,159,105
8,2,485,345
8,3,264,176
8,4,137,89
8,5,135,88
8,6,460,320
8,7,465,323
8,8,591,408
8,9,408,285
8,10,549,377
8,11,537,364
8,12,511,348
8,13,643,443
8,14,436,293
8,15,691,484
8,16,182,122
8,17,237,158
8,18,650,455
8,19,307,209
8,20,370,252
8,21,322,222
8,22,608,415
8,23,217,144
8,24,505,347
8,25,640,456
8,26,352,233
8,27,154,102
8,28,678,470
8,29,531,359
8,30,274,182
8,31,445,299
8,32,303,200
8,33,503,341
8,34,210,145
8,35,488,330
8,36,630,443
8,37,219,145
8,38,645,444
8,39,332,224
8,40,205,134
8,41,167,114
8,42,264,174
8,43,372,251
8,44,210,138
8,45,624,438
8,46,447,303
8,47,161,107
8,48,382,259
8,49,214,145
8,50,479,323
9,1,131,86
9,2,391,270
9,3,226,149
9,4,136,89
9,5,115,76
9,6,362,239
9,7,415,295
9,8,499,339
9,9,334,229
9,10,471,318
9,11,474,323
9,12,432,291
9,13,560,389
9,14,358,241
9,15,554,371
9,16,162,106
9,17,197,130
9,18,512,341
9,19,258,173
9,20,294,194
9,21,243,160
9,22,517,355
9,23,179,117
9,24,424,289
9,25,546,382
9,26,287,189
9,27,133,86
9,28,599,419
9,29,469,322
9,30,251,167
9,31,391,266
9,32,267,176
9,33,448,307
9,34,156,101
9,35,424,285
9,36,493,334
9,37,188,126
9,38,528,365
9,39,265,174
9,40,185,123
9,41,128,85
9,42,210,135
9,43,332,222
9,44,176,115
9,45,526,359
9,46,380,258
9,47,133,86
9,48,326,218
9,49,179,119
9,50,409,274
10,1,131,84
10,2,369,238
10,3,226,147
10,4,140,92
10,5,130,87
10,6,409,273
10,7,389,260
10,8,539,376
10,9,333,223
10,10,510,354
10,11,530,373
10,12,500,348
10,13,616,434
10,14,396,262
10,15,643,450
10,16,161,106
10,17,213,140
10,18,601,417
10,19,260,174
10,20,325,221
10,21,268,179
10,22,587,407
10,23,194,126
10,24,462,312
10,25,564,392
10,26,299,201
10,27,154,100
10,28,644,452
10,29,479,328
10,30,259,171
10,31,402,275
10,32,274,178
10,33,467,319
10,34,158,104
10,35,443,294
10,36,553,391
10,37,194,126
10,38,591,409
10,39,290,191
10,40,193,125
10,41,147,97
10,42,244,162
10,43,353,236
10,44,194,131
10,45,551,375
10,46,411,285
10,47,143,97
10,48,352,238
10,49,183,123
10,50,465,319
