employee_id,rows,flagged_rows,shortage_rows,excess_rows,shortage_amount,excess_amount,anomaly_rate,net_revenue_gap,rate_robust_z,outlier
S2_E01,91300,3821,1967,1854,-6356429.96,6905643.16,0.04185104052573932,549213.2000000002,4.967951923076935,True
S8_E02,91300,3743,1864,1879,-5744305.73,6809090.81,0.04099671412924425,1064785.0799999991,2.9444519230769344,False
S10_E01,91300,3700,1820,1880,-10315019.95,12239168.1,0.040525739320920046,1924148.1500000004,1.828932692307702,False
S5_E01,91300,3670,1793,1877,-6989435.51,8328872.98,0.040197152245345015,1339437.4700000007,1.0506634615384611,False
S1_E01,91300,3659,1864,1795,-4257527.48,4720300.24,0.04007667031763417,462772.7599999998,0.7652980769230734,False
S9_E01,91300,3657,1845,1812,-4888102.02,5716111.55,0.04005476451259584,828009.5300000003,0.7134134615384694,False
S6_E01,91300,3650,1821,1829,-3499824.76,3896507.94,0.039978094194961664,396683.18000000017,0.5318173076923062,False
S3_E02,91300,3631,1830,1801,-5364364.2299999995,6033020.14,0.039769989047097484,668655.9100000001,0.03891346153846944,False
S3_E01,91300,3628,1775,1853,-5019600.0,6080260.64,0.039737130339539975,1060660.6399999997,-0.03891346153846944,False
S6_E02,91300,3624,1807,1817,-3425490.79,4169799.34,0.03969331872946331,744308.5499999998,-0.1426826923076939,False
S4_E01,91300,3621,1784,1837,-9730549.71,10543678.4,0.039660460021905805,813128.6899999995,-0.22050961538461633,False
S9_E02,91300,3620,1804,1816,-4690102.23,5546899.55,0.03964950711938664,856797.3199999994,-0.24645192307691832,False
S7_E01,91300,3607,1834,1773,-6364284.640000001,7246692.359999999,0.03950711938663746,882407.7199999988,-0.5837019230769265,False
S2_E02,91300,3604,1822,1782,-5868359.38,6222700.81,0.039474260679079956,354341.4299999997,-0.661528846153849,False
S8_E01,91300,3603,1796,1807,-5671227.54,6294035.94,0.03946330777656079,622808.4000000004,-0.687471153846151,False
S1_E02,91300,3593,1790,1803,-4096574.86,4638277.91,0.03935377875136911,541703.0500000003,-0.9468942307692367,False
