item,rows,flagged_rows,shortage_rows,excess_rows,shortage_amount,excess_amount,anomaly_rate,net_revenue_gap,rate_robust_z,outlier
32,29216,1290,636,654,-801012.74,966820.6300000001,0.04415388828039431,165807.89000000013,2.044912698412708,False
42,29216,1276,615,661,-1860066.02,2319930.73,0.043674698795180725,459864.70999999996,1.745134920634928,False
16,29216,1267,639,628,-1451796.88,1616181.2799999998,0.043366648411829134,164384.3999999999,1.5524206349206398,False
19,29216,1249,623,626,-2319519.3200000003,2568241.5,0.04275054764512596,248722.1799999997,1.1669920634920679,False
41,29216,1231,597,634,-282178.46,364552.17,0.042134446878422785,82373.70999999996,0.7815634920634958,False
49,29216,1231,635,596,-1363722.38,1518253.25,0.042134446878422785,154530.8700000001,0.7815634920634958,False
17,29216,1228,617,611,-1161258.0,1362420.1400000001,0.042031763417305586,201162.14000000013,0.7173253968253983,False
47,29216,1227,601,626,-682784.32,786497.01,0.041997535596933186,103712.69000000006,0.6959126984126992,False
46,29216,1225,624,601,-3820635.51,4195179.26,0.041929079956188386,374543.75,0.6530873015873008,False
5,29216,1224,606,618,-553087.25,659561.0,0.041894852135815994,106473.75,0.631674603174606,False
9,29216,1222,627,595,-844451.99,895705.76,0.041826396495071194,51253.77000000002,0.5888492063492077,False
20,29216,1217,608,609,-1465087.38,1659025.69,0.0416552573932092,193938.31000000006,0.4817857142857161,False
7,29216,1217,615,602,-469934.62,544312.5700000001,0.0416552573932092,74377.95000000007,0.4817857142857161,False
4,29216,1217,593,624,-659213.12,774030.73,0.0416552573932092,114817.60999999999,0.4817857142857161,False
37,29216,1217,624,593,-1759092.94,1891636.62,0.0416552573932092,132543.68000000017,0.4817857142857161,False
44,29216,1215,611,604,-722721.19,832405.6200000001,0.0415868017524644,109684.43000000017,0.4389603174603178,False
34,29216,1213,616,597,-996968.3500000001,1105599.6099999999,0.0415183461117196,108631.25999999978,0.39613492063491945,False
39,29216,1211,605,606,-879607.83,1016133.6599999999,0.04144989047097481,136525.82999999996,0.35330952380952546,False
30,29216,1203,607,596,-1268378.3900000001,1413186.67,0.04117606790799562,144808.2799999998,0.18200793650793642,False
3,29216,1203,586,617,-1593749.3599999999,1821571.7599999998,0.04117606790799562,227822.3999999999,0.18200793650793642,False
50,29216,1199,590,609,-3236289.55,3869537.13,0.04103915662650602,633247.5800000001,0.09635714285713975,False
26,29216,1199,607,592,-1996710.94,2331694.27,0.04103915662650602,334983.3300000001,0.09635714285713975,False
48,29216,1198,580,618,-2793041.7199999997,3577092.17,0.04100492880613363,784050.4500000002,0.07494444444444492,False
21,29216,1198,601,597,-1357573.5,1558591.44,0.04100492880613363,201017.93999999994,0.07494444444444492,False
23,29216,1196,601,595,-417313.29,477130.06999999995,0.04093647316538883,59816.77999999997,0.03211904761904658,False
1,29216,1193,582,611,-169438.62,213035.22,0.04083378970427163,43596.600000000006,-0.032119047619050926,False
31,29216,1192,621,571,-1835450.67,1922263.0799999998,0.04079956188389924,86812.40999999992,-0.05353174603174576,False
27,29216,1190,599,591,-612973.38,693562.94,0.04073110624315444,80589.55999999994,-0.0963571428571441,False
40,29216,1186,598,588,-1250846.78,1364068.78,0.04059419496166484,113222.0,-0.18200793650794078,False
33,29216,1182,591,591,-544556.9500000001,641584.82,0.040457283680175246,97027.86999999988,-0.2676587301587331,False
43,29216,1182,564,618,-2238886.01,2793851.58,0.040457283680175246,554965.5700000003,-0.2676587301587331,False
6,29216,1180,596,584,-3310460.8899999997,3695266.6500000004,0.04038882803943045,384805.7600000007,-0.31048412698413147,False
24,29216,1177,593,584,-3982381.38,4608333.23,0.040286144578313254,625951.8500000006,-0.3747222222222246,False
2,29216,1158,599,559,-2891395.43,3129564.6500000004,0.03963581599123768,238169.2200000002,-0.7815634920634958,False
14,29216,1140,574,566,-2738837.47,3295713.3,0.0390197152245345,556875.8299999996,-1.1669920634920723,False
35,29216,1112,536,576,-3362501.13,4009632.4000000004,0.03806133625410734,647131.2700000005,-1.7665476190476272,False
11,29216,1107,555,552,-2327878.0,2657390.77,0.03789019715224534,329512.77,-1.8736111111111233,False
10,29216,1099,566,533,-575146.87,615819.7,0.03761637458926616,40672.82999999996,-2.044912698412708,False
22,29216,1094,555,539,-1863912.31,2140060.93,0.03744523548740416,276148.6200000001,-2.1519761904762036,False
18,29216,1086,538,548,-788595.44,915229.76,0.037171412924424975,126634.32000000007,-2.3232777777777884,False
12,29216,1086,541,545,-4004606.74,4507582.8,0.037171412924424975,502976.0599999996,-2.3232777777777884,False
13,29216,1081,522,559,-3528673.92,4308400.55,0.037000273822562976,779726.6299999999,-2.4303412698412843,False
25,29216,1077,551,526,-3759125.6399999997,4177712.0300000003,0.036863362541073384,418586.3900000006,-2.5159920634920767,False
36,29216,1064,526,538,-438792.83999999997,508765.14,0.0364184008762322,69972.30000000005,-2.794357142857157,False
28,29216,1062,527,535,-4073231.3200000003,4602204.83,0.0363499452354874,528973.5099999998,-2.8371825396825554,False
45,29216,1059,529,530,-471303.67000000004,531891.65,0.03624726177437021,60587.97999999998,-2.9014206349206484,False
29,29216,1056,539,517,-2400390.67,2336486.08,0.03614457831325301,-63904.58999999985,-2.9656587301587463,False
8,29216,1046,514,532,-3000007.54,3426845.6799999997,0.03580230010952903,426838.13999999966,-3.179785714285729,False
15,29216,1035,538,497,-3657087.23,4013866.96,0.03542579408543264,356779.73,-3.4153253968254154,False
38,29216,1014,498,516,-3698522.84,4156635.6,0.03470700985761227,458112.76000000024,-3.864992063492081,False
